-- ===========================================================================
-- Kinti — seed (a prototípus kinti-data.jsx valós mock adatai).
-- Alkalmazás:  npm run db:seed:local   /   npm run db:seed:remote
-- Újrafuttatható: előbb törlés (gyerek → szülő), majd beszúrás (szülő → gyerek).
-- ===========================================================================
PRAGMA foreign_keys = ON;

DELETE FROM business_daily_views;
DELETE FROM business_stats;
DELETE FROM bulletin_posts;
DELETE FROM events;
DELETE FROM businesses;
DELETE FROM bulletin_kinds;
DELETE FROM categories;

-- --- 1) Kategóriák -------------------------------------------------------------
INSERT INTO categories (id, label, glyph, sort_order) VALUES
  ('all',         'Mind',           '⯐', 0),
  ('fodrasz',     'Fodrász',        '✂', 1),
  ('autoszer',    'Autószerelő',    '⚙', 2),
  ('orvos',       'Orvos',          '＋', 3),
  ('ugyved',      'Ügyvéd',         '§', 4),
  ('pek',         'Pék',            '◐', 5),
  ('etterem',     'Étterem',        '◍', 6),
  ('villany',     'Villanyszerelő', '⚡', 7),
  ('fordito',     'Fordító',        'A', 8),
  ('takarito',    'Takarítás',      '⦦', 9),
  ('it',          'Informatikus',   '⌘', 10),
  ('tanar',       'Tanár',          '✏', 11),
  ('konyveles',   'Könyvelés',      '📊', 12),
  ('epitoipar',   'Építőipar',      '🔨', 13),
  ('szepseg',     'Szépségápolás',  '🌸', 14),
  ('masszazs',    'Masszázs',       '💆', 15),
  ('futas',       'Fuvarozás',      '🚚', 16),
  ('babysitter',  'Gyermekfelügyelet', '👶', 17),
  ('kertesz',     'Kertészet',      '🌿', 18),
  ('lakatos',     'Lakatos',        '🔑', 19),
  ('gazvez',      'Víz-gáz szerelő', '💧', 20),
  ('marketing',   'Marketing / Fotó', '📸', 21),
  ('tisztito',    'Tisztító / Ruhavarró', '👔', 22),
  ('allat',       'Állatgondozás',  '🐾', 23),
  ('ingatlan',    'Ingatlan',       '🏠', 24),
  ('biztositas',  'Biztosítás',     '🛡️', 25),
  ('pszichologus', 'Pszichológus / Coach', '🧠', 26),
  ('zenesz',      'Zene / Zenetanár', '🎵', 27),
  ('edzo',        'Edző / Fitness', '💪', 28),
  ('asztalos',    'Asztalos',       '🪚', 29),
  ('cukrasz',     'Cukrász / Torták', '🎂', 30),
  ('autoberles',  'Autóbérlés / Kozmetika', '🚗', 31),
  ('szallas',     'Szálláshely / Panzió', '🏨', 32),
  ('rendezveny',  'Rendezvényszervezés', '🎉', 33),
  ('klima',       'Klíma / Fűtés',  '❄️', 34),
  ('nyomda',      'Nyomda / Grafika', '🖨️', 35),
  ('tanacsadas',  'Cégalapítás / Tanácsadás', '💼', 36),
  ('webshop',     'Webáruház',      '🛒', 37),
  ('takaritas_ipari', 'Ablak- / Ipari tisztítás', '🧼', 38),
  ('biztonsag',   'Biztonságtechnika', '🛡️', 39),
  ('lakberendezes', 'Belsőépítészet', '🛋️', 40),
  ('terkovezes',  'Térkövezés / Útépítés', '🧱', 41),
  ('animator',    'Gyermekanimátor', '🎈', 42),
  ('fogorvos',    'Fogorvos',       '🦷', 43),
  ('festo',       'Szobafestő / Tapétázó', '🎨', 44),
  ('burkolo',     'Burkoló / Csempéző', '🧱', 45),
  ('tetofedo',    'Tetőfedő / Ács', '🏠', 46),
  ('szemelyi_asszisztens', 'Személyi asszisztens', '📅', 47),
  ('adotanacsado', 'Adótanácsadó',  '📈', 48),
  ('ugyfelszolgalat', 'Ügyfélszolgálat / VA', '📞', 49),
  ('jogtanacsado', 'Jogtanácsadó',  '⚖️', 50),
  ('gyogytornasz', 'Gyógytornász',  '🏥', 51),
  ('logopedus',   'Logopédus',      '🗣️', 52),
  ('szemesz',     'Szemész / Optikus', '👓', 53),
  ('allatorvos',  'Állatorvos',     '🐱', 54),
  ('kutyafodrasz', 'Kutyafodrász',  '✂️', 55),
  ('idegenvezeto', 'Idegenvezető',  '🗺️', 56),
  ('fotos',       'Fotós / Videós', '📷', 57),
  ('grafikus',    'Grafikus',       '🎨', 58),
  ('webfejleszto', 'Webfejlesztő',   '💻', 59),
  ('alkusz',      'Biztosítási alkusz', '🛡️', 60),
  ('hitel',       'Hitelügyintéző', '💰', 61),
  ('ertekbecslo', 'Ingatlan értékbecslő', '📋', 62),
  ('koltoztetes', 'Költöztetés',    '📦', 63),
  ('futar',       'Futárszolgálat', '✉️', 64),
  ('autokozmetika', 'Autókozmetika', '✨', 65),
  ('gumiszerviz', 'Gumiszerviz',    '⭕', 66),
  ('karosszeria', 'Karosszérialakatos', '🛠️', 67),
  ('motor',       'Motorkerékpár szerviz', '🏍️', 68),
  ('kerekpar',    'Kerékpárszerviz', '🚲', 69),
  ('kavez',       'Kávézó / Cukrászda', '☕', 70),
  ('borbar',      'Borbár / Borkereskedés', '🍷', 71),
  ('catering',    'Catering',       '🍽️', 72),
  ('husszek',     'Hentes / Húsbolt', '🥩', 73),
  ('zoldseges',   'Zöldséges / Hofladen', '🍎', 74),
  ('bio',         'Biobolt',        '🌿', 75),
  ('akupunktura', 'Akupunktúra',    '📍', 76),
  ('pedikur',     'Pedikűr / Lábápolás', '👣', 77),
  ('manikur',     'Manikűr / Műköröm', '💅', 78),
  ('smink',       'Sminkes / Stylist', '💄', 79),
  ('tetovalas',   'Tetoválóművész', '🖋️', 80),
  ('joga',        'Jógaoktató',     '🧘', 81),
  ('tanc',        'Tánctanár',      '💃', 82),
  ('szemelyi_edzo', 'Személyi edző', '👟', 83),
  ('uszas',       'Úszásoktatás',   '🏊', 84),
  ('sieles',      'Síoktató',       '⛷️', 85),
  ('taxis',       'Taxis / Sofőr',  ' taxi ', 86),
  ('busszal',     'Buszos utazás',  '🚌', 87),
  ('hazaszerkeszto', 'Házmester',   '🧹', 88),
  ('kemenysepro', 'Kéményseprő',    '🎩', 89),
  ('karpitos',    'Kárpitos',       '🧵', 90),
  ('uveges',      'Üveges',         '💎', 91),
  ('varrono',     'Varrónő',        '🧵', 92),
  ('ekszer',      'Észerész / Órás', '⌚', 93),
  ('antik',       'Antikvitás',     '🏺', 94),
  ('virag',       'Virágüzlet',     '💐', 95),
  ('temetkezes',  'Temetkezés',     '⚱️', 96),
  ('forditasszak', 'Szakfordító',    '📖', 97),
  ('nyelviskola', 'Nyelviskola',    '🏫', 98),
  ('animator_gyerek', 'Gyermekanimáció', '🎈', 99),
  ('nogyogyasz',   'Nőgyógyász / Szülész', '🤰', 100),
  ('gyermekorvos', 'Gyermekorvos',  '👶', 101),
  ('borgyogyasz',  'Bőrgyógyász',   '🩺', 102),
  ('ortopedus',    'Ortopédorvos / Sebész', '🦴', 103),
  ('pszichiater',  'Pszichiáter',   '🧠', 104),
  ('urologus',     'Urológus',      '🩺', 105),
  ('belgyogyasz',  'Belgyógyász',   '🩺', 106),
  ('kardiologus',  'Kardiológus',   '❤️', 107),
  ('sebesz',       'Sebész',        '🔪', 108),
  ('fül-orr-gége', 'Fül-orr-gégész', '👂', 109),
  ('termeszetgyogyasz', 'Természetgyógyász', '🌱', 110),
  ('homeopata',    'Homeopata',     '🌿', 111),
  ('csontkovacs',  'Csontkovács / Kiropraktőr', '🦴', 112),
  ('dietetikus',   'Dietetikus / Táplálkozás', '🍏', 113),
  ('szemelyi_vedelem', 'Személyi védelem / Testőr', '🛡️', 114),
  ('magannyomozo', 'Magánnyomozó',  '🕵️', 115),
  ('zarszerviz',   'Zárszerviz / Lakatos', '🔑', 116),
  ('kéménytechnika', 'Kéménytechnika / Kazán', '🔥', 117),
  ('napkollektor', 'Napelem / Szolártechnika', '☀️', 118),
  ('villamvedelem', 'Villámvédelem', '⚡', 119),
  ('kaputechnika', 'Kaputechnika / Garázskapu', '🚗', 120),
  ('biztonsagi_or', 'Biztonsági őr / Portás', '🛡️', 121),
  ('rendszergazda', 'Rendszergazda / IT Support', '💻', 122),
  ('halozatepito', 'Hálózatépítő / Telekom', '🌐', 123),
  ('szoftverfejleszto', 'Szoftverfejlesztő', '📱', 124),
  ('cybersecurity', 'Kiberbiztonság / IT audit', '🔒', 125),
  ('seo_szakerto', 'SEO / Keresőoptimalizálás', '📈', 126),
  ('copywriter',   'Szövegíró / Copywriter', '✍️', 127),
  ('kozossegi_media', 'Közösségi média menedzser', '📱', 128),
  ('videovago',    'Videóvágó / YouTube', '🎬', 129),
  ('hangmernök',   'Hangmérnök / Stúdió', '🎙️', 130),
  ('virtuális_asszisztens', 'Virtuális Asszisztens', '💻', 131),
  ('adatvedelmi_tisztviselo', 'Adatvédelmi tisztviselő', '🔒', 132),
  ('ugyvezeto',    'Interim Menedzser / Tanácsadó', '💼', 133),
  ('szocialis_munkas', 'Szociális munkás', '🤝', 134),
  ('idosek_otthona', 'Idősgondozás / Beteggondozó', '👵', 135),
  ('hospice',      'Hospice / Otthonápolás', '🏥', 136),
  ('gyogyszeresz', 'Gyógyszerész',  '💊', 137),
  ('logisztikus',  'Logisztikus / Raktár', '📦', 138),
  ('vamugyintezo', 'Vámügyintéző',  '🛂', 139),
  ('hajomedence',  'Hajó- és medenceépítés', '🏊', 140),
  ('szaunaepites', 'Szaunaépítés / Wellness', '♨️', 141),
  ('kandalloepites', 'Kandallóépítés / Kályhás', '🔥', 142),
  ('allvanyozo',   'Állványozó',    '🏗️', 143),
  ('daruvezeto',   'Daru / Nehézgép kezelő', '🏗️', 144),
  ('homlokzatszigetelo', 'Homlokzatszigetelő / Dryvit', '🏠', 145),
  ('badoogos',     'Bádogos',       '🛠️', 146),
  ('nyilaszaros',  'Nyílászáró / Ablak-ajtó', '🪟', 147),
  ('arnyekolastechnika', 'Árnyékolástechnika / Redőny', '⛱️', 148),
  ('szigetelo',    'Víz- és hőszigetelő', '💧', 149),
  ('kőműves',      'Kőműves / Betonozó', '🧱', 150),
  ('bontoipar',    'Bontás / Sittszállítás', '🚜', 151),
  ('kerttervezo',  'Kerttervező / Tájépítész', '🏡', 152),
  ('fakivago',     'Fakivágás / Kertgondozás', '🪓', 153),
  ('ontozorendszer', 'Öntözőrendszer építés', '💦', 154),
  ('eskuvoi_fotografus', 'Esküvői fotós / Videós', '📸', 155),
  ('eskuvoi_fodrasz', 'Alkalmi fodrász / Sminkes', '💄', 156),
  ('ceremoniamester', 'Ceremóniamester / Vőfély', '🎤', 157),
  ('dekorator',    'Dekoráció / Virágdísz', '🌸', 158),
  ('eskuvoi_torta', 'Esküvői torta', '🎂', 159),
  ('zenekar',      'Zenekar / Party DJ', '🎵', 160),
  ('autoalkatresz', 'Autóalkatrész / Bontó', '⚙️', 161),
  ('autovillamossag', 'Autóvillamosság', '⚡', 162),
  ('autofenyezo',  'Autófényező',   '🎨', 163),
  ('gepijarmu_oktato', 'Autósiskola / Oktató', '🚗', 164),
  ('motoros_oktato', 'Motoros iskola / Oktató', '🏍️', 165),
  ('hajos_iskola', 'Hajós iskola / Skipper', '⛵', 166),
  ('repulo_oktatas', 'Pilótaoktatás / Repülés', '✈️', 167),
  ('idegennyelv_tanar', 'Német / Francia nyelvtanár', '🗣️', 168),
  ('maganora',     'Matematika / Reál magántanár', '✏️', 169),
  ('korrepetitor', 'Felzárkóztatás / Korrepetálás', '✏️', 170),
  ('fejleszto_pedagogus', 'Fejlesztőpedagógus', '👶', 171),
  ('ovodapedagogus', 'Óvónő / Bölcsőde', '🧸', 172),
  ('kutya_kikepzo', 'Kutyakiképző / Iskola', '🐕', 173),
  ('allatszallito', 'Állatszállítás', '🐕', 174),
  ('allatpanzio',  'Állatpanzió / Pet Sitting', '🐾', 175),
  ('lovas_oktato', 'Lovaglás / Lovasterápia', '🐎', 176),
  ('looveges',     'Patkolókovács / Lógyógyász', '🐎', 177),
  ('jatekkeszito', 'Kézműves játékok', '🧸', 178),
  ('fazekas',      'Fazekas / Keramikus', '🏺', 179),
  ('festoművesz',  'Festőművész / Képzőművész', '🎨', 180),
  ('szobrasz',     'Szobrász / Kőfaragó', '🗿', 181),
  ('galeria',      'Művészeti galéria / Tárlat', '🖼️', 182),
  ('szinhaz',      'Színház / Színművészet', '🎭', 183),
  ('modellszak',   'Modell / Hostess ügynökség', '👠', 184),
  ('szolarium',    'Szolárium / Barnulás', '☀️', 185),
  ('szaunaszeansz', 'Szaunamester',  '♨️', 186),
  ('reflexologus', 'Talpreflexológia', '👣', 187),
  ('kristalygyogyasz', 'Kristályterápia', '💎', 188),
  ('aromaterapia', 'Aromaterapeuta', '🌸', 189),
  ('csaladallitas', 'Családállítás / Pszichodráma', '👥', 190),
  ('mediator',     'Mediátor / Békéltető', '🤝', 191),
  ('pályaorientáció', 'Pályaválasztási tanácsadó', '📈', 192),
  ('life_coach',   'Life Coach / Karrier coach', '🧠', 193),
  ('ergoterapeuta', 'Ergoterapeuta', '🏥', 194),
  ('ortopediai_muszeresz', 'Ortopédiai műszerész', '🥾', 195),
  ('cipesz',       'Cipész / Kulcsmásoló', '🥾', 196),
  ('késélező',     'Késélező / Köszörűs', '🔪', 197),
  ('szonyegház',   'Szőnyegtisztító / Vegytisztítás', '🧼', 198),
  ('takaritas_ablak', 'Ablaktisztító / Magaslati', '🧼', 199);

-- --- 2) Hirdetőtábla-taxonómia -------------------------------------------------
INSERT INTO bulletin_kinds (id, label, color, sort_order) VALUES
  ('alberlet', 'Albérlet', '#c8392e', 1),
  ('allas',    'Állás',    '#1d4434', 2),
  ('elado',    'Eladó',    '#c8862e', 3),
  ('szolg',    'Szolg.',   '#3a6ea5', 4);

-- --- 3) Vállalkozások ----------------------------------------------------------
-- A lat/lng a Zürichi városrészek tényleges utcáihoz illesztett, plauzibilis
-- WGS84 koordináta (OpenStreetMap-en ellenőrizhető). A pin_x/pin_y a régi
-- prototípus mockupjához tartozik (0–100 %), a térkép a lat/lng-t használja.
INSERT INTO businesses
  (id, name, category_id, category_label, rating, reviews, dist_text, dist_meters,
   address, phone, pin_x, pin_y, lat, lng, featured, blurb, open_now, open_text, years_here,
   languages, photo, accent_photo, owner_user_id)
VALUES
  ('kovacs-anna', 'Kovács Anna fodrászat', 'fodrasz', 'Fodrász',
   4.9, 47, '4 perc', 320,
   'Birmensdorferstrasse 142, 8003 Zürich', '+41 76 421 88 03', 53, 49,
   47.36750, 8.51690, 1,
   'Magyar fodrász Wiedikonban. Női és férfi vágás, festés, melír. Magyarul, gyorsan, házias hangulatban.',
   1, 'Nyitva · zár 19:00-kor', 6,
   '["Magyar","Deutsch","English"]',
   'linear-gradient(135deg, #d6b89a 0%, #b48868 60%, #8c5e3c 100%)',
   'linear-gradient(135deg, #e8d4b8, #c89a76)',
   NULL),

  ('horvath-auto', 'Horváth autószerviz', 'autoszer', 'Autószerelő',
   4.8, 112, '11 perc', 850,
   'Letzigraben 89, 8003 Zürich', '+41 79 304 12 55', 36, 38,
   47.38260, 8.50630, 0,
   'Minden márka. Magyarul beszélünk. Becsületes ár, gyors átfutás.',
   1, 'Nyitva · zár 18:00-kor', NULL,
   NULL,
   'linear-gradient(135deg, #5c6d63 0%, #2e3f33 100%)',
   NULL,
   NULL),

  ('dr-szabo', 'Dr. Szabó Eszter – fogorvos', 'orvos', 'Fogorvos',
   5.0, 28, '7 perc', 520,
   'Seebahnstrasse 231, 8004 Zürich', '+41 44 555 12 99', 58, 62,
   47.37130, 8.52150, 1,
   'Általános és gyermek fogászat. Krankenkasse-elszámolás, magyar nyelvű konzultáció.',
   0, 'Zárva · nyit 8:00-kor', NULL,
   NULL,
   'linear-gradient(135deg, #e9d8c0 0%, #c8392e 100%)',
   NULL,
   NULL),

  ('nagy-pek', 'Nagy pékség', 'pek', 'Pék',
   4.7, 89, '6 perc', 430,
   'Albisriederplatz 4, 8003 Zürich', '+41 43 211 06 02', 44, 55,
   47.37870, 8.50630, 0,
   'Igazi magyar kenyér, kifli, pogácsa minden reggel. Szombaton bejgli is.',
   1, 'Nyitva · zár 17:00-kor', NULL,
   NULL,
   'linear-gradient(135deg, #f0d9b5 0%, #c89a5c 100%)',
   NULL,
   NULL),

  ('molnar-ugyved', 'Molnár & Partner ügyvédi iroda', 'ugyved', 'Ügyvéd',
   4.9, 23, '14 perc', 1100,
   'Bahnhofstrasse 88, 8001 Zürich', '+41 44 200 55 00', 68, 32,
   47.37330, 8.53920, 0,
   'Munkajog, családjog, tartózkodás. Svájci és magyar jogban is otthon.',
   1, 'Nyitva · zár 18:00-kor', NULL,
   NULL,
   'linear-gradient(135deg, #1d4434 0%, #0e1f17 100%)',
   NULL,
   NULL),

  ('kis-kocsma', 'Kiskocsma – magyar étterem', 'etterem', 'Étterem',
   4.6, 203, '9 perc', 720,
   'Langstrasse 152, 8004 Zürich', '+41 44 271 33 11', 60, 44,
   47.37920, 8.53160, 0,
   'Gulyás, töltött káposzta, rétes. Magyar borok. Csütörtök este élőzene.',
   1, 'Nyitva · zár 23:00-kor', NULL,
   NULL,
   'linear-gradient(135deg, #c8392e 0%, #6b1d18 100%)',
   NULL,
   NULL),

  ('toth-villany', 'Tóth villanyszerelő', 'villany', 'Villanyszerelő',
   4.8, 56, '15 perc', 1200,
   'Hardturmstrasse 11, 8005 Zürich', NULL, 30, 22,
   47.38950, 8.51680, 0,
   'Lakásfelújítás, hibakeresés, smart-home. 24/7 vészhelyzet.',
   1, 'Nyitva · 24/7', NULL,
   NULL,
   'linear-gradient(135deg, #f0c14a 0%, #8c5e1a 100%)',
   NULL,
   NULL);

-- --- 4) Események --------------------------------------------------------------
INSERT INTO events
  (id, title, event_date, date_day, date_month, date_weekday, start_time, venue, going, tag, color)
VALUES
  ('bal',      'Zürichi Magyar Bál 2026',          '2026-11-14', '14', 'NOV', 'szombat',   '19:00', 'Volkshaus, Helvetiaplatz', 187, 'Kulturális', '#c8392e'),
  ('piknik',   'Magyar piknik a Sihl-parton',      '2026-06-07', '07', 'JÚN', 'vasárnap',  '11:00', 'Sihl-part, Allmend',        64, 'Család',     '#1d4434'),
  ('foci',     'Magyar–Sváb focimeccs',            '2026-06-22', '22', 'JÚN', 'vasárnap',  '15:30', 'Sportplatz Hardhof',        31, 'Sport',      '#1d4434'),
  ('irodalmi', 'Magyar irodalmi est – Esterházy',  '2026-07-03', '03', 'JÚL', 'csütörtök', '19:30', 'Kafi Schoffel',             22, 'Kulturális', '#c8392e');

-- --- 5) Hirdetések -------------------------------------------------------------
INSERT INTO bulletin_posts (id, kind_id, title, meta, age_text, poster) VALUES
  ('b1', 'alberlet', '2.5-szobás Kreis 4-ben kiadó',        'Zürich · 1 980 CHF / hó',          '2 órája', 'Tímea'),
  ('b2', 'allas',    'Magyar bébiszittert keresek heti 2x', 'Wollishofen · 28 CHF/óra',         '5 órája', 'Andrea'),
  ('b3', 'elado',    'IKEA Malm ágy, 160×200, matraccal',   'Oerlikon · 220 CHF',               'tegnap',  'Gábor'),
  ('b4', 'szolg',    'Magyar matek-korrepetálás (gimi)',    'Online v. személyes · 45 CHF/óra', '2 napja', 'Bence');

-- --- 6) Dashboard heti KPI (Kovács Anna fodrászat) -----------------------------
INSERT INTO business_stats
  (business_id, week_views, week_views_delta, week_clicks, week_clicks_delta, week_calls, week_calls_delta)
VALUES
  ('kovacs-anna', 248, '+34%', 71, '+22%', 19, '+58%');

-- --- 7) Dashboard 14 napos trendvonal (megtekintések) --------------------------
--    A prototípus chart tömbje: [12,18,15,22,19,28,24,31,27,35,38,42,51,48]
--    14 nap, a legutolsó a legfrissebb (összeg = 410, lásd "14 NAP · +41%").
INSERT INTO business_daily_views (business_id, stat_date, views) VALUES
  ('kovacs-anna', '2026-05-12', 12),
  ('kovacs-anna', '2026-05-13', 18),
  ('kovacs-anna', '2026-05-14', 15),
  ('kovacs-anna', '2026-05-15', 22),
  ('kovacs-anna', '2026-05-16', 19),
  ('kovacs-anna', '2026-05-17', 28),
  ('kovacs-anna', '2026-05-18', 24),
  ('kovacs-anna', '2026-05-19', 31),
  ('kovacs-anna', '2026-05-20', 27),
  ('kovacs-anna', '2026-05-21', 35),
  ('kovacs-anna', '2026-05-22', 38),
  ('kovacs-anna', '2026-05-23', 42),
  ('kovacs-anna', '2026-05-24', 51),
  ('kovacs-anna', '2026-05-25', 48);
